nc_itzi_tutorial_watershed_h_0001,nc_itzi_tutorial_watershed_h_0001.png
nc_itzi_tutorial_watershed_h_0002,nc_itzi_tutorial_watershed_h_0002.png
nc_itzi_tutorial_watershed_h_0003,nc_itzi_tutorial_watershed_h_0003.png
nc_itzi_tutorial_watershed_h_0004,nc_itzi_tutorial_watershed_h_0004.png
nc_itzi_tutorial_watershed_h_0005,nc_itzi_tutorial_watershed_h_0005.png
nc_itzi_tutorial_watershed_h_0006,nc_itzi_tutorial_watershed_h_0006.png
nc_itzi_tutorial_watershed_h_0007,nc_itzi_tutorial_watershed_h_0007.png
nc_itzi_tutorial_watershed_h_0008,nc_itzi_tutorial_watershed_h_0008.png
nc_itzi_tutorial_watershed_h_0009,nc_itzi_tutorial_watershed_h_0009.png
nc_itzi_tutorial_watershed_h_0010,nc_itzi_tutorial_watershed_h_0010.png
nc_itzi_tutorial_watershed_h_0011,nc_itzi_tutorial_watershed_h_0011.png
nc_itzi_tutorial_watershed_h_0012,nc_itzi_tutorial_watershed_h_0012.png
nc_itzi_tutorial_watershed_h_0013,nc_itzi_tutorial_watershed_h_0013.png
nc_itzi_tutorial_watershed_h_0014,nc_itzi_tutorial_watershed_h_0014.png
nc_itzi_tutorial_watershed_h_0015,nc_itzi_tutorial_watershed_h_0015.png
nc_itzi_tutorial_watershed_h_0016,nc_itzi_tutorial_watershed_h_0016.png
nc_itzi_tutorial_watershed_h_0017,nc_itzi_tutorial_watershed_h_0017.png
nc_itzi_tutorial_watershed_h_0018,nc_itzi_tutorial_watershed_h_0018.png
nc_itzi_tutorial_watershed_h_0019,nc_itzi_tutorial_watershed_h_0019.png
nc_itzi_tutorial_watershed_h_0020,nc_itzi_tutorial_watershed_h_0020.png
nc_itzi_tutorial_watershed_h_0021,nc_itzi_tutorial_watershed_h_0021.png
nc_itzi_tutorial_watershed_h_0022,nc_itzi_tutorial_watershed_h_0022.png
nc_itzi_tutorial_watershed_h_0023,nc_itzi_tutorial_watershed_h_0023.png
nc_itzi_tutorial_watershed_h_0024,nc_itzi_tutorial_watershed_h_0024.png
nc_itzi_tutorial_watershed_h_0025,nc_itzi_tutorial_watershed_h_0025.png
nc_itzi_tutorial_watershed_h_0026,nc_itzi_tutorial_watershed_h_0026.png
nc_itzi_tutorial_watershed_h_0027,nc_itzi_tutorial_watershed_h_0027.png
nc_itzi_tutorial_watershed_h_0028,nc_itzi_tutorial_watershed_h_0028.png
nc_itzi_tutorial_watershed_h_0029,nc_itzi_tutorial_watershed_h_0029.png
nc_itzi_tutorial_watershed_h_0030,nc_itzi_tutorial_watershed_h_0030.png
nc_itzi_tutorial_watershed_h_0031,nc_itzi_tutorial_watershed_h_0031.png
nc_itzi_tutorial_watershed_h_0032,nc_itzi_tutorial_watershed_h_0032.png
nc_itzi_tutorial_watershed_h_0033,nc_itzi_tutorial_watershed_h_0033.png
nc_itzi_tutorial_watershed_h_0034,nc_itzi_tutorial_watershed_h_0034.png
nc_itzi_tutorial_watershed_h_0035,nc_itzi_tutorial_watershed_h_0035.png
nc_itzi_tutorial_watershed_h_0036,nc_itzi_tutorial_watershed_h_0036.png
nc_itzi_tutorial_watershed_h_0037,nc_itzi_tutorial_watershed_h_0037.png
nc_itzi_tutorial_watershed_h_0038,nc_itzi_tutorial_watershed_h_0038.png
nc_itzi_tutorial_watershed_h_0039,nc_itzi_tutorial_watershed_h_0039.png
nc_itzi_tutorial_watershed_h_0040,nc_itzi_tutorial_watershed_h_0040.png
nc_itzi_tutorial_watershed_h_0041,nc_itzi_tutorial_watershed_h_0041.png
nc_itzi_tutorial_watershed_h_0042,nc_itzi_tutorial_watershed_h_0042.png
nc_itzi_tutorial_watershed_h_0043,nc_itzi_tutorial_watershed_h_0043.png
nc_itzi_tutorial_watershed_h_0044,nc_itzi_tutorial_watershed_h_0044.png
nc_itzi_tutorial_watershed_h_0045,nc_itzi_tutorial_watershed_h_0045.png
nc_itzi_tutorial_watershed_h_0046,nc_itzi_tutorial_watershed_h_0046.png
nc_itzi_tutorial_watershed_h_0047,nc_itzi_tutorial_watershed_h_0047.png
nc_itzi_tutorial_watershed_h_0048,nc_itzi_tutorial_watershed_h_0048.png
nc_itzi_tutorial_watershed_h_0049,nc_itzi_tutorial_watershed_h_0049.png
nc_itzi_tutorial_watershed_h_0050,nc_itzi_tutorial_watershed_h_0050.png
nc_itzi_tutorial_watershed_h_0051,nc_itzi_tutorial_watershed_h_0051.png
nc_itzi_tutorial_watershed_h_0052,nc_itzi_tutorial_watershed_h_0052.png
nc_itzi_tutorial_watershed_h_0053,nc_itzi_tutorial_watershed_h_0053.png
nc_itzi_tutorial_watershed_h_0054,nc_itzi_tutorial_watershed_h_0054.png
nc_itzi_tutorial_watershed_h_0055,nc_itzi_tutorial_watershed_h_0055.png
nc_itzi_tutorial_watershed_h_0056,nc_itzi_tutorial_watershed_h_0056.png
nc_itzi_tutorial_watershed_h_0057,nc_itzi_tutorial_watershed_h_0057.png
nc_itzi_tutorial_watershed_h_0058,nc_itzi_tutorial_watershed_h_0058.png
nc_itzi_tutorial_watershed_h_0059,nc_itzi_tutorial_watershed_h_0059.png
nc_itzi_tutorial_watershed_h_0060,nc_itzi_tutorial_watershed_h_0060.png
nc_itzi_tutorial_watershed_h_0061,nc_itzi_tutorial_watershed_h_0061.png
nc_itzi_tutorial_watershed_h_0062,nc_itzi_tutorial_watershed_h_0062.png
nc_itzi_tutorial_watershed_h_0063,nc_itzi_tutorial_watershed_h_0063.png
nc_itzi_tutorial_watershed_h_0064,nc_itzi_tutorial_watershed_h_0064.png
nc_itzi_tutorial_watershed_h_0065,nc_itzi_tutorial_watershed_h_0065.png
nc_itzi_tutorial_watershed_h_0066,nc_itzi_tutorial_watershed_h_0066.png
nc_itzi_tutorial_watershed_h_0067,nc_itzi_tutorial_watershed_h_0067.png
nc_itzi_tutorial_watershed_h_0068,nc_itzi_tutorial_watershed_h_0068.png
nc_itzi_tutorial_watershed_h_0069,nc_itzi_tutorial_watershed_h_0069.png
nc_itzi_tutorial_watershed_h_0070,nc_itzi_tutorial_watershed_h_0070.png
nc_itzi_tutorial_watershed_h_0071,nc_itzi_tutorial_watershed_h_0071.png
nc_itzi_tutorial_watershed_h_0072,nc_itzi_tutorial_watershed_h_0072.png
nc_itzi_tutorial_watershed_h_0073,nc_itzi_tutorial_watershed_h_0073.png
nc_itzi_tutorial_watershed_h_0074,nc_itzi_tutorial_watershed_h_0074.png
nc_itzi_tutorial_watershed_h_0075,nc_itzi_tutorial_watershed_h_0075.png
nc_itzi_tutorial_watershed_h_0076,nc_itzi_tutorial_watershed_h_0076.png
nc_itzi_tutorial_watershed_h_0077,nc_itzi_tutorial_watershed_h_0077.png
nc_itzi_tutorial_watershed_h_0078,nc_itzi_tutorial_watershed_h_0078.png
nc_itzi_tutorial_watershed_h_0079,nc_itzi_tutorial_watershed_h_0079.png
nc_itzi_tutorial_watershed_h_0080,nc_itzi_tutorial_watershed_h_0080.png
nc_itzi_tutorial_watershed_h_0081,nc_itzi_tutorial_watershed_h_0081.png
nc_itzi_tutorial_watershed_h_0082,nc_itzi_tutorial_watershed_h_0082.png
nc_itzi_tutorial_watershed_h_0083,nc_itzi_tutorial_watershed_h_0083.png
nc_itzi_tutorial_watershed_h_0084,nc_itzi_tutorial_watershed_h_0084.png
nc_itzi_tutorial_watershed_h_0085,nc_itzi_tutorial_watershed_h_0085.png
nc_itzi_tutorial_watershed_h_0086,nc_itzi_tutorial_watershed_h_0086.png
nc_itzi_tutorial_watershed_h_0087,nc_itzi_tutorial_watershed_h_0087.png
nc_itzi_tutorial_watershed_h_0088,nc_itzi_tutorial_watershed_h_0088.png
nc_itzi_tutorial_watershed_h_0089,nc_itzi_tutorial_watershed_h_0089.png
nc_itzi_tutorial_watershed_h_0090,nc_itzi_tutorial_watershed_h_0090.png
nc_itzi_tutorial_watershed_h_0091,nc_itzi_tutorial_watershed_h_0091.png
nc_itzi_tutorial_watershed_h_0092,nc_itzi_tutorial_watershed_h_0092.png
nc_itzi_tutorial_watershed_h_0093,nc_itzi_tutorial_watershed_h_0093.png
nc_itzi_tutorial_watershed_h_0094,nc_itzi_tutorial_watershed_h_0094.png
nc_itzi_tutorial_watershed_h_0095,nc_itzi_tutorial_watershed_h_0095.png
nc_itzi_tutorial_watershed_h_0096,nc_itzi_tutorial_watershed_h_0096.png
nc_itzi_tutorial_watershed_h_0097,nc_itzi_tutorial_watershed_h_0097.png
nc_itzi_tutorial_watershed_h_0098,nc_itzi_tutorial_watershed_h_0098.png
nc_itzi_tutorial_watershed_h_0099,nc_itzi_tutorial_watershed_h_0099.png
nc_itzi_tutorial_watershed_h_0100,nc_itzi_tutorial_watershed_h_0100.png
nc_itzi_tutorial_watershed_h_0101,nc_itzi_tutorial_watershed_h_0101.png
nc_itzi_tutorial_watershed_h_0102,nc_itzi_tutorial_watershed_h_0102.png
nc_itzi_tutorial_watershed_h_0103,nc_itzi_tutorial_watershed_h_0103.png
nc_itzi_tutorial_watershed_h_0104,nc_itzi_tutorial_watershed_h_0104.png
nc_itzi_tutorial_watershed_h_0105,nc_itzi_tutorial_watershed_h_0105.png
nc_itzi_tutorial_watershed_h_0106,nc_itzi_tutorial_watershed_h_0106.png
nc_itzi_tutorial_watershed_h_0107,nc_itzi_tutorial_watershed_h_0107.png
nc_itzi_tutorial_watershed_h_0108,nc_itzi_tutorial_watershed_h_0108.png
nc_itzi_tutorial_watershed_h_0109,nc_itzi_tutorial_watershed_h_0109.png
nc_itzi_tutorial_watershed_h_0110,nc_itzi_tutorial_watershed_h_0110.png
nc_itzi_tutorial_watershed_h_0111,nc_itzi_tutorial_watershed_h_0111.png
nc_itzi_tutorial_watershed_h_0112,nc_itzi_tutorial_watershed_h_0112.png
nc_itzi_tutorial_watershed_h_0113,nc_itzi_tutorial_watershed_h_0113.png
nc_itzi_tutorial_watershed_h_0114,nc_itzi_tutorial_watershed_h_0114.png
nc_itzi_tutorial_watershed_h_0115,nc_itzi_tutorial_watershed_h_0115.png
nc_itzi_tutorial_watershed_h_0116,nc_itzi_tutorial_watershed_h_0116.png
nc_itzi_tutorial_watershed_h_0117,nc_itzi_tutorial_watershed_h_0117.png
nc_itzi_tutorial_watershed_h_0118,nc_itzi_tutorial_watershed_h_0118.png
nc_itzi_tutorial_watershed_h_0119,nc_itzi_tutorial_watershed_h_0119.png
nc_itzi_tutorial_watershed_h_0120,nc_itzi_tutorial_watershed_h_0120.png
nc_itzi_tutorial_watershed_h_0121,nc_itzi_tutorial_watershed_h_0121.png
nc_itzi_tutorial_watershed_h_0122,nc_itzi_tutorial_watershed_h_0122.png
nc_itzi_tutorial_watershed_h_0123,nc_itzi_tutorial_watershed_h_0123.png
nc_itzi_tutorial_watershed_h_0124,nc_itzi_tutorial_watershed_h_0124.png
nc_itzi_tutorial_watershed_h_0125,nc_itzi_tutorial_watershed_h_0125.png
nc_itzi_tutorial_watershed_h_0126,nc_itzi_tutorial_watershed_h_0126.png
nc_itzi_tutorial_watershed_h_0127,nc_itzi_tutorial_watershed_h_0127.png
nc_itzi_tutorial_watershed_h_0128,nc_itzi_tutorial_watershed_h_0128.png
nc_itzi_tutorial_watershed_h_0129,nc_itzi_tutorial_watershed_h_0129.png
nc_itzi_tutorial_watershed_h_0130,nc_itzi_tutorial_watershed_h_0130.png
nc_itzi_tutorial_watershed_h_0131,nc_itzi_tutorial_watershed_h_0131.png
nc_itzi_tutorial_watershed_h_0132,nc_itzi_tutorial_watershed_h_0132.png
nc_itzi_tutorial_watershed_h_0133,nc_itzi_tutorial_watershed_h_0133.png
nc_itzi_tutorial_watershed_h_0134,nc_itzi_tutorial_watershed_h_0134.png
nc_itzi_tutorial_watershed_h_0135,nc_itzi_tutorial_watershed_h_0135.png
nc_itzi_tutorial_watershed_h_0136,nc_itzi_tutorial_watershed_h_0136.png
nc_itzi_tutorial_watershed_h_0137,nc_itzi_tutorial_watershed_h_0137.png
nc_itzi_tutorial_watershed_h_0138,nc_itzi_tutorial_watershed_h_0138.png
nc_itzi_tutorial_watershed_h_0139,nc_itzi_tutorial_watershed_h_0139.png
nc_itzi_tutorial_watershed_h_0140,nc_itzi_tutorial_watershed_h_0140.png
nc_itzi_tutorial_watershed_h_0141,nc_itzi_tutorial_watershed_h_0141.png
nc_itzi_tutorial_watershed_h_0142,nc_itzi_tutorial_watershed_h_0142.png
nc_itzi_tutorial_watershed_h_0143,nc_itzi_tutorial_watershed_h_0143.png
nc_itzi_tutorial_watershed_h_0144,nc_itzi_tutorial_watershed_h_0144.png
nc_itzi_tutorial_watershed_h_0145,nc_itzi_tutorial_watershed_h_0145.png
nc_itzi_tutorial_watershed_h_0146,nc_itzi_tutorial_watershed_h_0146.png
nc_itzi_tutorial_watershed_h_0147,nc_itzi_tutorial_watershed_h_0147.png
nc_itzi_tutorial_watershed_h_0148,nc_itzi_tutorial_watershed_h_0148.png
nc_itzi_tutorial_watershed_h_0149,nc_itzi_tutorial_watershed_h_0149.png
nc_itzi_tutorial_watershed_h_0150,nc_itzi_tutorial_watershed_h_0150.png
nc_itzi_tutorial_watershed_h_0151,nc_itzi_tutorial_watershed_h_0151.png
nc_itzi_tutorial_watershed_h_0152,nc_itzi_tutorial_watershed_h_0152.png
nc_itzi_tutorial_watershed_h_0153,nc_itzi_tutorial_watershed_h_0153.png
nc_itzi_tutorial_watershed_h_0154,nc_itzi_tutorial_watershed_h_0154.png
nc_itzi_tutorial_watershed_h_0155,nc_itzi_tutorial_watershed_h_0155.png
nc_itzi_tutorial_watershed_h_0156,nc_itzi_tutorial_watershed_h_0156.png
nc_itzi_tutorial_watershed_h_0157,nc_itzi_tutorial_watershed_h_0157.png
nc_itzi_tutorial_watershed_h_0158,nc_itzi_tutorial_watershed_h_0158.png
nc_itzi_tutorial_watershed_h_0159,nc_itzi_tutorial_watershed_h_0159.png
nc_itzi_tutorial_watershed_h_0160,nc_itzi_tutorial_watershed_h_0160.png
nc_itzi_tutorial_watershed_h_0161,nc_itzi_tutorial_watershed_h_0161.png
nc_itzi_tutorial_watershed_h_0162,nc_itzi_tutorial_watershed_h_0162.png
nc_itzi_tutorial_watershed_h_0163,nc_itzi_tutorial_watershed_h_0163.png
nc_itzi_tutorial_watershed_h_0164,nc_itzi_tutorial_watershed_h_0164.png
nc_itzi_tutorial_watershed_h_0165,nc_itzi_tutorial_watershed_h_0165.png
nc_itzi_tutorial_watershed_h_0166,nc_itzi_tutorial_watershed_h_0166.png
nc_itzi_tutorial_watershed_h_0167,nc_itzi_tutorial_watershed_h_0167.png
nc_itzi_tutorial_watershed_h_0168,nc_itzi_tutorial_watershed_h_0168.png
nc_itzi_tutorial_watershed_h_0169,nc_itzi_tutorial_watershed_h_0169.png
nc_itzi_tutorial_watershed_h_0170,nc_itzi_tutorial_watershed_h_0170.png
nc_itzi_tutorial_watershed_h_0171,nc_itzi_tutorial_watershed_h_0171.png
nc_itzi_tutorial_watershed_h_0172,nc_itzi_tutorial_watershed_h_0172.png
nc_itzi_tutorial_watershed_h_0173,nc_itzi_tutorial_watershed_h_0173.png
nc_itzi_tutorial_watershed_h_0174,nc_itzi_tutorial_watershed_h_0174.png
nc_itzi_tutorial_watershed_h_0175,nc_itzi_tutorial_watershed_h_0175.png
nc_itzi_tutorial_watershed_h_0176,nc_itzi_tutorial_watershed_h_0176.png
nc_itzi_tutorial_watershed_h_0177,nc_itzi_tutorial_watershed_h_0177.png
nc_itzi_tutorial_watershed_h_0178,nc_itzi_tutorial_watershed_h_0178.png
nc_itzi_tutorial_watershed_h_0179,nc_itzi_tutorial_watershed_h_0179.png
nc_itzi_tutorial_watershed_h_0180,nc_itzi_tutorial_watershed_h_0180.png
nc_itzi_tutorial_watershed_h_0181,nc_itzi_tutorial_watershed_h_0181.png
nc_itzi_tutorial_watershed_h_0182,nc_itzi_tutorial_watershed_h_0182.png
nc_itzi_tutorial_watershed_h_0183,nc_itzi_tutorial_watershed_h_0183.png
nc_itzi_tutorial_watershed_h_0184,nc_itzi_tutorial_watershed_h_0184.png
nc_itzi_tutorial_watershed_h_0185,nc_itzi_tutorial_watershed_h_0185.png
nc_itzi_tutorial_watershed_h_0186,nc_itzi_tutorial_watershed_h_0186.png
nc_itzi_tutorial_watershed_h_0187,nc_itzi_tutorial_watershed_h_0187.png
nc_itzi_tutorial_watershed_h_0188,nc_itzi_tutorial_watershed_h_0188.png
nc_itzi_tutorial_watershed_h_0189,nc_itzi_tutorial_watershed_h_0189.png
nc_itzi_tutorial_watershed_h_0190,nc_itzi_tutorial_watershed_h_0190.png
nc_itzi_tutorial_watershed_h_0191,nc_itzi_tutorial_watershed_h_0191.png
nc_itzi_tutorial_watershed_h_0192,nc_itzi_tutorial_watershed_h_0192.png
nc_itzi_tutorial_watershed_h_0193,nc_itzi_tutorial_watershed_h_0193.png
nc_itzi_tutorial_watershed_h_0194,nc_itzi_tutorial_watershed_h_0194.png
nc_itzi_tutorial_watershed_h_0195,nc_itzi_tutorial_watershed_h_0195.png
nc_itzi_tutorial_watershed_h_0196,nc_itzi_tutorial_watershed_h_0196.png
nc_itzi_tutorial_watershed_h_0197,nc_itzi_tutorial_watershed_h_0197.png
nc_itzi_tutorial_watershed_h_0198,nc_itzi_tutorial_watershed_h_0198.png
nc_itzi_tutorial_watershed_h_0199,nc_itzi_tutorial_watershed_h_0199.png
nc_itzi_tutorial_watershed_h_0200,nc_itzi_tutorial_watershed_h_0200.png
nc_itzi_tutorial_watershed_h_0201,nc_itzi_tutorial_watershed_h_0201.png
nc_itzi_tutorial_watershed_h_0202,nc_itzi_tutorial_watershed_h_0202.png
nc_itzi_tutorial_watershed_h_0203,nc_itzi_tutorial_watershed_h_0203.png
nc_itzi_tutorial_watershed_h_0204,nc_itzi_tutorial_watershed_h_0204.png
nc_itzi_tutorial_watershed_h_0205,nc_itzi_tutorial_watershed_h_0205.png
nc_itzi_tutorial_watershed_h_0206,nc_itzi_tutorial_watershed_h_0206.png
nc_itzi_tutorial_watershed_h_0207,nc_itzi_tutorial_watershed_h_0207.png
nc_itzi_tutorial_watershed_h_0208,nc_itzi_tutorial_watershed_h_0208.png
nc_itzi_tutorial_watershed_h_0209,nc_itzi_tutorial_watershed_h_0209.png
nc_itzi_tutorial_watershed_h_0210,nc_itzi_tutorial_watershed_h_0210.png
nc_itzi_tutorial_watershed_h_0211,nc_itzi_tutorial_watershed_h_0211.png
nc_itzi_tutorial_watershed_h_0212,nc_itzi_tutorial_watershed_h_0212.png
nc_itzi_tutorial_watershed_h_0213,nc_itzi_tutorial_watershed_h_0213.png
nc_itzi_tutorial_watershed_h_0214,nc_itzi_tutorial_watershed_h_0214.png
nc_itzi_tutorial_watershed_h_0215,nc_itzi_tutorial_watershed_h_0215.png
nc_itzi_tutorial_watershed_h_0216,nc_itzi_tutorial_watershed_h_0216.png
nc_itzi_tutorial_watershed_h_0217,nc_itzi_tutorial_watershed_h_0217.png
nc_itzi_tutorial_watershed_h_0218,nc_itzi_tutorial_watershed_h_0218.png
nc_itzi_tutorial_watershed_h_0219,nc_itzi_tutorial_watershed_h_0219.png
nc_itzi_tutorial_watershed_h_0220,nc_itzi_tutorial_watershed_h_0220.png
nc_itzi_tutorial_watershed_h_0221,nc_itzi_tutorial_watershed_h_0221.png
nc_itzi_tutorial_watershed_h_0222,nc_itzi_tutorial_watershed_h_0222.png
nc_itzi_tutorial_watershed_h_0223,nc_itzi_tutorial_watershed_h_0223.png
nc_itzi_tutorial_watershed_h_0224,nc_itzi_tutorial_watershed_h_0224.png
nc_itzi_tutorial_watershed_h_0225,nc_itzi_tutorial_watershed_h_0225.png
nc_itzi_tutorial_watershed_h_0226,nc_itzi_tutorial_watershed_h_0226.png
nc_itzi_tutorial_watershed_h_0227,nc_itzi_tutorial_watershed_h_0227.png
nc_itzi_tutorial_watershed_h_0228,nc_itzi_tutorial_watershed_h_0228.png
nc_itzi_tutorial_watershed_h_0229,nc_itzi_tutorial_watershed_h_0229.png
nc_itzi_tutorial_watershed_h_0230,nc_itzi_tutorial_watershed_h_0230.png
nc_itzi_tutorial_watershed_h_0231,nc_itzi_tutorial_watershed_h_0231.png
nc_itzi_tutorial_watershed_h_0232,nc_itzi_tutorial_watershed_h_0232.png
nc_itzi_tutorial_watershed_h_0233,nc_itzi_tutorial_watershed_h_0233.png
nc_itzi_tutorial_watershed_h_0234,nc_itzi_tutorial_watershed_h_0234.png
nc_itzi_tutorial_watershed_h_0235,nc_itzi_tutorial_watershed_h_0235.png
nc_itzi_tutorial_watershed_h_0236,nc_itzi_tutorial_watershed_h_0236.png
nc_itzi_tutorial_watershed_h_0237,nc_itzi_tutorial_watershed_h_0237.png
nc_itzi_tutorial_watershed_h_0238,nc_itzi_tutorial_watershed_h_0238.png
nc_itzi_tutorial_watershed_h_0239,nc_itzi_tutorial_watershed_h_0239.png
nc_itzi_tutorial_watershed_h_0240,nc_itzi_tutorial_watershed_h_0240.png
nc_itzi_tutorial_watershed_h_0241,nc_itzi_tutorial_watershed_h_0241.png
nc_itzi_tutorial_watershed_h_0242,nc_itzi_tutorial_watershed_h_0242.png
nc_itzi_tutorial_watershed_h_0243,nc_itzi_tutorial_watershed_h_0243.png
nc_itzi_tutorial_watershed_h_0244,nc_itzi_tutorial_watershed_h_0244.png
nc_itzi_tutorial_watershed_h_0245,nc_itzi_tutorial_watershed_h_0245.png
nc_itzi_tutorial_watershed_h_0246,nc_itzi_tutorial_watershed_h_0246.png
nc_itzi_tutorial_watershed_h_0247,nc_itzi_tutorial_watershed_h_0247.png
nc_itzi_tutorial_watershed_h_0248,nc_itzi_tutorial_watershed_h_0248.png
nc_itzi_tutorial_watershed_h_0249,nc_itzi_tutorial_watershed_h_0249.png
nc_itzi_tutorial_watershed_h_0250,nc_itzi_tutorial_watershed_h_0250.png
nc_itzi_tutorial_watershed_h_0251,nc_itzi_tutorial_watershed_h_0251.png
nc_itzi_tutorial_watershed_h_0252,nc_itzi_tutorial_watershed_h_0252.png
nc_itzi_tutorial_watershed_h_0253,nc_itzi_tutorial_watershed_h_0253.png
nc_itzi_tutorial_watershed_h_0254,nc_itzi_tutorial_watershed_h_0254.png
nc_itzi_tutorial_watershed_h_0255,nc_itzi_tutorial_watershed_h_0255.png
nc_itzi_tutorial_watershed_h_0256,nc_itzi_tutorial_watershed_h_0256.png
nc_itzi_tutorial_watershed_h_0257,nc_itzi_tutorial_watershed_h_0257.png
nc_itzi_tutorial_watershed_h_0258,nc_itzi_tutorial_watershed_h_0258.png
nc_itzi_tutorial_watershed_h_0259,nc_itzi_tutorial_watershed_h_0259.png
nc_itzi_tutorial_watershed_h_0260,nc_itzi_tutorial_watershed_h_0260.png
nc_itzi_tutorial_watershed_h_0261,nc_itzi_tutorial_watershed_h_0261.png
nc_itzi_tutorial_watershed_h_0262,nc_itzi_tutorial_watershed_h_0262.png
nc_itzi_tutorial_watershed_h_0263,nc_itzi_tutorial_watershed_h_0263.png
nc_itzi_tutorial_watershed_h_0264,nc_itzi_tutorial_watershed_h_0264.png
nc_itzi_tutorial_watershed_h_0265,nc_itzi_tutorial_watershed_h_0265.png
nc_itzi_tutorial_watershed_h_0266,nc_itzi_tutorial_watershed_h_0266.png
nc_itzi_tutorial_watershed_h_0267,nc_itzi_tutorial_watershed_h_0267.png
nc_itzi_tutorial_watershed_h_0268,nc_itzi_tutorial_watershed_h_0268.png
nc_itzi_tutorial_watershed_h_0269,nc_itzi_tutorial_watershed_h_0269.png
nc_itzi_tutorial_watershed_h_0270,nc_itzi_tutorial_watershed_h_0270.png
nc_itzi_tutorial_watershed_h_0271,nc_itzi_tutorial_watershed_h_0271.png
nc_itzi_tutorial_watershed_h_0272,nc_itzi_tutorial_watershed_h_0272.png
nc_itzi_tutorial_watershed_h_0273,nc_itzi_tutorial_watershed_h_0273.png
nc_itzi_tutorial_watershed_h_0274,nc_itzi_tutorial_watershed_h_0274.png
nc_itzi_tutorial_watershed_h_0275,nc_itzi_tutorial_watershed_h_0275.png
nc_itzi_tutorial_watershed_h_0276,nc_itzi_tutorial_watershed_h_0276.png
nc_itzi_tutorial_watershed_h_0277,nc_itzi_tutorial_watershed_h_0277.png
nc_itzi_tutorial_watershed_h_0278,nc_itzi_tutorial_watershed_h_0278.png
nc_itzi_tutorial_watershed_h_0279,nc_itzi_tutorial_watershed_h_0279.png
nc_itzi_tutorial_watershed_h_0280,nc_itzi_tutorial_watershed_h_0280.png
nc_itzi_tutorial_watershed_h_0281,nc_itzi_tutorial_watershed_h_0281.png
nc_itzi_tutorial_watershed_h_0282,nc_itzi_tutorial_watershed_h_0282.png
nc_itzi_tutorial_watershed_h_0283,nc_itzi_tutorial_watershed_h_0283.png
nc_itzi_tutorial_watershed_h_0284,nc_itzi_tutorial_watershed_h_0284.png
nc_itzi_tutorial_watershed_h_0285,nc_itzi_tutorial_watershed_h_0285.png
nc_itzi_tutorial_watershed_h_0286,nc_itzi_tutorial_watershed_h_0286.png
nc_itzi_tutorial_watershed_h_0287,nc_itzi_tutorial_watershed_h_0287.png
nc_itzi_tutorial_watershed_h_0288,nc_itzi_tutorial_watershed_h_0288.png
nc_itzi_tutorial_watershed_h_0289,nc_itzi_tutorial_watershed_h_0289.png
nc_itzi_tutorial_watershed_h_0290,nc_itzi_tutorial_watershed_h_0290.png
nc_itzi_tutorial_watershed_h_0291,nc_itzi_tutorial_watershed_h_0291.png
nc_itzi_tutorial_watershed_h_0292,nc_itzi_tutorial_watershed_h_0292.png
nc_itzi_tutorial_watershed_h_0293,nc_itzi_tutorial_watershed_h_0293.png
nc_itzi_tutorial_watershed_h_0294,nc_itzi_tutorial_watershed_h_0294.png
nc_itzi_tutorial_watershed_h_0295,nc_itzi_tutorial_watershed_h_0295.png
nc_itzi_tutorial_watershed_h_0296,nc_itzi_tutorial_watershed_h_0296.png
nc_itzi_tutorial_watershed_h_0297,nc_itzi_tutorial_watershed_h_0297.png
nc_itzi_tutorial_watershed_h_0298,nc_itzi_tutorial_watershed_h_0298.png
nc_itzi_tutorial_watershed_h_0299,nc_itzi_tutorial_watershed_h_0299.png
nc_itzi_tutorial_watershed_h_0300,nc_itzi_tutorial_watershed_h_0300.png
nc_itzi_tutorial_watershed_h_max,nc_itzi_tutorial_watershed_h_max.png
